categoria,etiqueta,frecuencia,porcentaje
0101,0101,18781,26.8515
0901,0901,2190,3.1311
0108,0108,2053,2.9352
0115,0115,1964,2.808
1801,1801,1371,1.9601
2201,2201,1364,1.9501
1001,1001,1326,1.8958
0920,0920,1278,1.8272
1101,1101,1161,1.6599
0501,0501,1130,1.6156
1301,1301,1058,1.5126
2101,2101,1049,1.4998
1901,1901,1047,1.4969
1601,1601,1018,1.4555
2001,2001,889,1.271
0114,0114,841,1.2024
0301,0301,730,1.0437
0801,0801,679,0.9708
0502,0502,666,0.9522
1401,1401,634,0.9064
1501,1501,595,0.8507
0401,0401,593,0.8478
1215,1215,555,0.7935
0601,0601,537,0.7678
0201,0201,528,0.7549
0116,0116,493,0.7048
1804,1804,476,0.6805
1703,1703,453,0.6477
1201,1201,373,0.5333
0102,0102,366,0.5233
1712,1712,365,0.5218
0117,0117,356,0.509
0106,0106,352,0.5033
0506,0506,351,0.5018
0701,0701,339,0.4847
2205,2205,314,0.4489
0103,0103,307,0.4389
0110,0110,286,0.4089
0608,0608,270,0.386
1202,1202,270,0.386
0207,0207,259,0.3703
1904,1904,259,0.3703
0513,0513,241,0.3446
1701,1701,241,0.3446
2202,2202,238,0.3403
1805,1805,237,0.3388
2007,2007,237,0.3388
1412,1412,236,0.3374
0509,0509,233,0.3331
0602,0602,226,0.3231
1705,1705,223,0.3188
0917,0917,212,0.3031
1002,1002,212,0.3031
1217,1217,209,0.2988
0805,0805,207,0.296
1312,1312,194,0.2774
1503,1503,174,0.2488
2106,2106,173,0.2473
0909,0909,167,0.2388
1413,1413,165,0.2359
2203,2203,164,0.2345
0902,0902,160,0.2288
1903,1903,160,0.2288
0507,0507,158,0.2259
0614,0614,156,0.223
0914,0914,153,0.2187
2212,2212,153,0.2187
1406,1406,152,0.2173
1609,1609,152,0.2173
0511,0511,147,0.2102
2011,2011,145,0.2073
0105,0105,144,0.2059
0113,0113,144,0.2059
1102,1102,144,0.2059
1507,1507,144,0.2059
2214,2214,144,0.2059
1107,1107,142,0.203
0308,0308,141,0.2016
1504,1504,141,0.2016
0203,0203,135,0.193
0609,0609,134,0.1916
1218,1218,134,0.1916
1010,1010,129,0.1844
2204,2204,129,0.1844
0904,0904,127,0.1816
0107,0107,126,0.1801
2009,2009,126,0.1801
0921,0921,123,0.1759
1105,1105,122,0.1744
0111,0111,121,0.173
1802,1802,121,0.173
1902,1902,121,0.173
0903,0903,120,0.1716
2216,2216,120,0.1716
0109,0109,117,0.1673
0403,0403,116,0.1658
1222,1222,116,0.1658
1003,1003,114,0.163
2217,2217,112,0.1601
1108,1108,110,0.1573
1216,1216,110,0.1573
0710,0710,109,0.1558
1106,1106,109,0.1558
2103,2103,109,0.1558
0923,0923,108,0.1544
1420,1420,108,0.1544
0302,0302,107,0.153
1213,1213,107,0.153
0406,0406,104,0.1487
1219,1219,103,0.1473
1709,1709,102,0.1458
2008,2008,101,0.1444
0802,0802,100,0.143
1326,1326,100,0.143
1008,1008,99,0.1415
1604,1604,99,0.1415
1404,1404,97,0.1387
1220,1220,96,0.1373
0803,0803,95,0.1358
1109,1109,95,0.1358
1711,1711,95,0.1358
2207,2207,95,0.1358
1308,1308,94,0.1344
0505,0505,93,0.133
0611,0611,92,0.1315
1708,1708,92,0.1315
0603,0603,91,0.1301
0312,0312,90,0.1287
0415,0415,90,0.1287
0604,0604,90,0.1287
1905,1905,90,0.1287
1302,1302,87,0.1244
0504,0504,85,0.1215
2102,2102,83,0.1187
0606,0606,82,0.1172
2211,2211,82,0.1172
0309,0309,81,0.1158
1304,1304,80,0.1144
1006,1006,79,0.1129
1020,1020,79,0.1129
0202,0202,78,0.1115
1004,1004,77,0.1101
1603,1603,77,0.1101
0613,0613,76,0.1087
1014,1014,76,0.1087
0413,0413,74,0.1058
0704,0704,74,0.1058
0206,0206,72,0.1029
0416,0416,72,0.1029
0919,0919,72,0.1029
1009,1009,72,0.1029
1502,1502,71,0.1015
1610,1610,71,0.1015
1615,1615,71,0.1015
0503,0503,70,0.1001
0104,0104,69,0.0987
1211,1211,69,0.0987
1710,1710,69,0.0987
0205,0205,68,0.0972
0922,0922,68,0.0972
1103,1103,68,0.0972
1210,1210,68,0.0972
0510,0510,67,0.0958
0407,0407,65,0.0929
0804,0804,65,0.0929
1212,1212,65,0.0929
1506,1506,65,0.0929
1416,1416,64,0.0915
1013,1013,63,0.0901
1225,1225,63,0.0901
1505,1505,63,0.0901
1706,1706,62,0.0886
1307,1307,61,0.0872
1704,1704,61,0.0872
0208,0208,60,0.0858
1327,1327,60,0.0858
1415,1415,60,0.0858
2107,2107,59,0.0844
1207,1207,58,0.0829
1223,1223,57,0.0815
2104,2104,57,0.0815
1421,1421,55,0.0786
0404,0404,54,0.0772
0916,0916,54,0.0772
1221,1221,54,0.0772
1317,1317,54,0.0772
0409,0409,53,0.0758
0610,0610,53,0.0758
0612,0612,53,0.0758
1325,1325,53,0.0758
1508,1508,53,0.0758
0304,0304,52,0.0743
1613,1613,52,0.0743
1803,1803,52,0.0743
0705,0705,51,0.0729
0806,0806,50,0.0715
1203,1203,50,0.0715
1017,1017,49,0.0701
0719,0719,48,0.0686
1403,1403,48,0.0686
1907,1907,48,0.0686
2004,2004,48,0.0686
0306,0306,47,0.0672
0913,0913,47,0.0672
1104,1104,47,0.0672
1311,1311,46,0.0658
2002,2002,46,0.0658
1602,1602,45,0.0643
1418,1418,44,0.0629
0204,0204,43,0.0615
1015,1015,43,0.0615
1324,1324,43,0.0615
0905,0905,42,0.06
0924,0924,42,0.06
0303,0303,41,0.0586
0713,0713,41,0.0586
0912,0912,41,0.0586
1306,1306,41,0.0586
1315,1315,41,0.0586
1410,1410,41,0.0586
0910,0910,40,0.0572
1419,1419,40,0.0572
0911,0911,39,0.0558
0512,0512,38,0.0543
0906,0906,38,0.0543
1303,1303,38,0.0543
0414,0414,37,0.0529
0605,0605,37,0.0529
1214,1214,37,0.0529
1305,1305,36,0.0515
1402,1402,36,0.0515
1909,1909,36,0.0515
1019,1019,35,0.05
2006,2006,35,0.05
2206,2206,35,0.05
0411,0411,34,0.0486
0508,0508,34,0.0486
1005,1005,34,0.0486
2005,2005,34,0.0486
2215,2215,34,0.0486
0314,0314,33,0.0472
0915,0915,33,0.0472
2003,2003,32,0.0458
1229,1229,31,0.0443
2010,2010,31,0.0443
0112,0112,30,0.0429
1228,1228,30,0.0429
1906,1906,30,0.0429
1908,1908,30,0.0429
1204,1204,29,0.0415
0307,0307,28,0.04
0412,0412,28,0.04
1007,1007,28,0.04
1206,1206,28,0.04
1408,1408,28,0.04
1409,1409,28,0.04
1910,1910,27,0.0386
1309,1309,26,0.0372
1405,1405,25,0.0357
1607,1607,25,0.0357
0313,0313,24,0.0343
0315,0315,24,0.0343
1702,1702,24,0.0343
1707,1707,24,0.0343
2208,2208,24,0.0343
0310,0310,23,0.0329
0706,0706,23,0.0329
2213,2213,23,0.0329
1012,1012,22,0.0315
1411,1411,22,0.0315
1018,1018,21,0.03
1331,1331,21,0.03
0808,0808,20,0.0286
1606,1606,20,0.0286
0718,0718,19,0.0272
1319,1319,19,0.0272
1608,1608,19,0.0272
2209,2209,19,0.0272
2210,2210,19,0.0272
0410,0410,18,0.0257
0807,0807,18,0.0257
1314,1314,18,0.0257
1316,1316,18,0.0257
1320,1320,18,0.0257
1414,1414,18,0.0257
1605,1605,18,0.0257
0402,0402,17,0.0243
0707,0707,17,0.0243
0709,0709,17,0.0243
1227,1227,17,0.0243
1313,1313,17,0.0243
1323,1323,17,0.0243
2105,2105,17,0.0243
0717,0717,16,0.0229
1205,1205,16,0.0229
1230,1230,16,0.0229
1209,1209,15,0.0214
0607,0607,14,0.02
0907,0907,14,0.02
0918,0918,14,0.02
1612,1612,14,0.02
1616,1616,14,0.02
0712,0712,13,0.0186
0908,0908,13,0.0186
1322,1322,13,0.0186
1713,1713,13,0.0186
0405,0405,12,0.0172
0408,0408,12,0.0172
1407,1407,12,0.0172
1224,1224,11,0.0157
1310,1310,11,0.0157
0316,0316,9,0.0129
0305,0305,8,0.0114
0311,0311,8,0.0114
1011,1011,8,0.0114
0714,0714,7,0.01
1016,1016,7,0.01
1021,1021,7,0.01
1226,1226,7,0.01
1611,1611,7,0.01
1911,1911,7,0.01
1714,1714,6,0.0086
0702,0702,5,0.0071
0708,0708,5,0.0071
1208,1208,5,0.0071
1329,1329,5,0.0071
1330,1330,5,0.0071
1417,1417,5,0.0071
1617,1617,5,0.0071
1318,1318,4,0.0057
1332,1332,4,0.0057
1614,1614,4,0.0057
0711,0711,3,0.0043
0715,0715,3,0.0043
1321,1321,3,0.0043
0703,0703,2,0.0029
1328,1328,2,0.0029
